"N_ILS_LS_PART_2OPT_1";"N_ILS_LS_PART_2OPT_2";"N_ILS_LS_PART_2OPT_3";"N_ILS_LS_PART_2OPT_4";"N_ILS_LS_PART_2OPT_5";"N_ILS_LS_PART_2OPT_6";"N_ILS_LS_PART_2OPT_7";"N_ILS_LS_PART_2OPT_8";"N_ILS_LS_PART_2OPT_9";"N_ILS_LS_PART_2OPT_10";"N_ILS_LS_PART_2OPT_11";"N_ILS_LS_PART_2OPT_12";"N_ILS_LS_PART_2OPT_13";"N_ILS_LS_PART_2OPT_14";"N_ILS_LS_PART_2OPT_15";"N_ILS_LS_PART_2OPT_16";"N_ILS_LS_PART_2OPT_17";"N_ILS_LS_PART_2OPT_18";"N_ILS_LS_PART_2OPT_19";"N_ILS_LS_PART_2OPT_20";"min";"mean";"sd"
1.3;1.5;1.6;1.1;1.1;1;1.6;1.2;1.2;1.1;1;1.3;1.2;1.4;1.2;1.2;1.2;1.1;1.2;1.3;1;1.24;0.172900945174124
1;1.2;1.2;1.1;1.2;1.2;1.2;1;1.3;1.2;1.1;1;1.2;1;1.1;1.6;1.3;1;1;1.3;1;1.16;0.150087693664316
1.1;1;1.2;1;1.1;1.2;1.1;1.1;1;1;1.1;1;1;1.1;1;1.2;1.1;1.1;1;1;1;1.07;0.0732695097065047
1.1;1;1.1;1;1;1;1;1;1;1;1;1;1;1;1;1;1;1;1;1.1;1;1.015;0.0366347548532524
5.6;7.5;3.2;5.5;7.8;10.6;6.1;6.3;7.1;5.8;12.1;17.7;4.4;13.3;7.1;4.7;9.5;15;10.4;3.9;3.2;8.18;3.91402337082553
2.1;6.1;17.4;11.6;6.4;4.6;9.7;8.8;3.1;10.1;6.6;13.6;14.2;19.3;5.5;5.9;12.3;5.8;2.8;9.4;2.1;8.765;4.79333693238525
8.1;6.8;1.9;1.6;4.9;10.4;8.3;2;3.3;7.9;3.3;2.1;12.8;4.2;6.5;3.4;7.5;2.9;4.3;14.8;1.6;5.85;3.73257354423967
1;1.1;1;1.2;1.1;1.3;1.3;1;1.1;1.2;1.2;1.4;1.1;1.2;1.1;1;1;1.3;1;1;1;1.13;0.126074330623269
