"N_ILS_LS_PART_2OPT_1";"N_ILS_LS_PART_2OPT_2";"N_ILS_LS_PART_2OPT_3";"N_ILS_LS_PART_2OPT_4";"N_ILS_LS_PART_2OPT_5";"N_ILS_LS_PART_2OPT_6";"N_ILS_LS_PART_2OPT_7";"N_ILS_LS_PART_2OPT_8";"N_ILS_LS_PART_2OPT_9";"N_ILS_LS_PART_2OPT_10";"N_ILS_LS_PART_2OPT_11";"N_ILS_LS_PART_2OPT_12";"N_ILS_LS_PART_2OPT_13";"N_ILS_LS_PART_2OPT_14";"N_ILS_LS_PART_2OPT_15";"N_ILS_LS_PART_2OPT_16";"N_ILS_LS_PART_2OPT_17";"N_ILS_LS_PART_2OPT_18";"N_ILS_LS_PART_2OPT_19";"N_ILS_LS_PART_2OPT_20";"min";"mean";"sd"
1;1;1;1;1;1;1;1;1.1;1;1.3;1.6;1.2;1.1;1;1.1;1.1;1.4;1.1;1.8;1;1.14;0.223371298160944
1.07;1.07;1.03;1.03;1;1.07;1.03;1;1.03;1.07;1.07;1.13;1.2;1.07;1.47;1.07;1.03;1.13;1.03;1;1;1.08;0.104226474058834
1.2;1.1;1.1;1.1;1.9;1.1;1.4;1;1.7;1.2;7.5;1.2;1;1.3;1.6;1.2;11.6;1.2;1.3;1;1;2.085;2.6487882035694
1.5;1.7;1.93;1.5;2.13;1.43;1.13;1.53;1.7;2.1;1.83;1.47;2.4;1.23;1.73;1.4;2.47;1.13;1.17;1.67;1.13;1.6575;0.393337607767438
1.08;1.37;1.1;1.27;1.23;1.4;1.25;1.73;1.55;1.25;1.23;1.68;1.42;1.3;1.8;1.33;1.37;1.4;1.78;1.32;1.08;1.393;0.211363991356393
1;1;1;1;1.2;1;1.1;1;1.1;1.1;1.2;1;1.1;1.4;1;1;1;1;1;1.1;1;1.065;0.103998987849326
1.4;1.5;1.07;1.37;1.37;1.5;1.9;1.3;1.53;1.43;1.4;4.63;1.13;1.47;3.2;2.7;2.8;6.33;7.97;3.5;1.07;2.475;1.87190446224947
3.1;2.52;1.94;2;1.78;2.02;1.66;3.66;2.82;2.3;2.08;5.66;5.28;3.1;4.42;4.24;4.3;2.62;3.72;2.96;1.66;3.109;1.17803538504624
1.13;1.23;1.1;1.22;1.15;1.54;2.02;1.35;1.14;1.22;1.51;1.63;1.21;1.78;1.58;1.68;3.07;2.19;2.26;1.76;1.1;1.5885;0.498474251037472
