"N_ILS_LS_PART_2OPT_1";"N_ILS_LS_PART_2OPT_2";"N_ILS_LS_PART_2OPT_3";"N_ILS_LS_PART_2OPT_4";"N_ILS_LS_PART_2OPT_5";"N_ILS_LS_PART_2OPT_6";"N_ILS_LS_PART_2OPT_7";"N_ILS_LS_PART_2OPT_8";"N_ILS_LS_PART_2OPT_9";"N_ILS_LS_PART_2OPT_10";"N_ILS_LS_PART_2OPT_11";"N_ILS_LS_PART_2OPT_12";"N_ILS_LS_PART_2OPT_13";"N_ILS_LS_PART_2OPT_14";"N_ILS_LS_PART_2OPT_15";"N_ILS_LS_PART_2OPT_16";"N_ILS_LS_PART_2OPT_17";"N_ILS_LS_PART_2OPT_18";"N_ILS_LS_PART_2OPT_19";"N_ILS_LS_PART_2OPT_20";"min";"mean";"sd"
159.64;242.57;236.8;203.68;164.11;173.07;163.78;172.27;148.88;196.84;180.89;203;201.51;156.11;175.1;222.61;188.89;128.91;200.24;207.45;128.91;186.3175;29.423322091408
309.96;235.37;252.93;329.23;326.25;273.44;290.41;285.74;272.11;370.21;330.27;362.02;207.98;243.64;294.66;216.91;313.45;223.26;294.22;258.17;207.98;284.5115;46.5311927381147
366.16;497.68;461.19;437.59;460.63;523.33;283.82;493.44;411.43;347.69;447.64;446;530.47;355.78;388.31;419.03;246.04;369.95;377.72;358.35;246.04;411.1125;75.4132798493182
467.18;566.08;539.26;572.66;452.56;381.49;700.12;708.24;421.79;411.63;510.42;485.25;632.08;432.14;358.19;463.04;458.39;581.75;528.43;628.75;358.19;514.9725;100.280086225636
