"N_ILS_LS_PART_2OPT_1";"N_ILS_LS_PART_2OPT_2";"N_ILS_LS_PART_2OPT_3";"N_ILS_LS_PART_2OPT_4";"N_ILS_LS_PART_2OPT_5";"N_ILS_LS_PART_2OPT_6";"N_ILS_LS_PART_2OPT_7";"N_ILS_LS_PART_2OPT_8";"N_ILS_LS_PART_2OPT_9";"N_ILS_LS_PART_2OPT_10";"N_ILS_LS_PART_2OPT_11";"N_ILS_LS_PART_2OPT_12";"N_ILS_LS_PART_2OPT_13";"N_ILS_LS_PART_2OPT_14";"N_ILS_LS_PART_2OPT_15";"N_ILS_LS_PART_2OPT_16";"N_ILS_LS_PART_2OPT_17";"N_ILS_LS_PART_2OPT_18";"N_ILS_LS_PART_2OPT_19";"N_ILS_LS_PART_2OPT_20";"min";"mean";"sd"
29.45;29.89;28.62;28.68;35.58;36.9;29.91;31.55;20.28;21.36;34.65;32.52;25.67;39.73;34.68;20.04;35.26;19.49;41.43;26.66;19.49;30.1175;6.47422897258613
41.63;28.27;31.05;27.98;26.54;27.1;18.71;47.76;40.03;20.86;39.13;40.89;24.34;35.5;26.2;45.98;21.28;27.77;38.66;38.89;18.71;32.4285;8.71163243811641
51.81;58.94;58.41;46.68;87.86;40.04;36.17;31.06;29.65;40.87;45.31;55.76;32.75;49.91;38.17;35.93;25.24;34.04;44.22;38.03;25.24;44.0425;14.0867496064097
28.71;44.55;29.68;32.52;28.37;42.56;27.52;47.5;42.41;40.3;74.22;43.75;43.28;36.26;58.58;34.92;31.31;18.33;46.43;27.04;18.33;38.912;12.5276635365183
