"N_ILS_LS_PART_2OPT_1";"N_ILS_LS_PART_2OPT_2";"N_ILS_LS_PART_2OPT_3";"N_ILS_LS_PART_2OPT_4";"N_ILS_LS_PART_2OPT_5";"N_ILS_LS_PART_2OPT_6";"N_ILS_LS_PART_2OPT_7";"N_ILS_LS_PART_2OPT_8";"N_ILS_LS_PART_2OPT_9";"N_ILS_LS_PART_2OPT_10";"N_ILS_LS_PART_2OPT_11";"N_ILS_LS_PART_2OPT_12";"N_ILS_LS_PART_2OPT_13";"N_ILS_LS_PART_2OPT_14";"N_ILS_LS_PART_2OPT_15";"N_ILS_LS_PART_2OPT_16";"N_ILS_LS_PART_2OPT_17";"N_ILS_LS_PART_2OPT_18";"N_ILS_LS_PART_2OPT_19";"N_ILS_LS_PART_2OPT_20";"min";"mean";"sd"
1.2;1;1;1;1;1;1;1;1;1.2;1;1;1;1;1;1;1.1;1;1;1;1;1.025;0.0638666373658505
1;1.03;1;1.03;1;1;1.03;1.03;1;1.03;1;1.07;1;1.03;1.03;1.03;1.03;1;1;1;1;1.017;0.0194935886896179
1.7;1.1;1.1;1.3;2.2;1.3;1.5;2.5;1;1.5;1.9;5.7;2.5;2;1.7;3.6;2.1;1.5;2.2;3.3;1;2.085;1.09845585398681
1.17;1.4;1.3;1.07;1.8;1.63;1.37;1.27;1.3;1.53;1.3;1.73;1.33;1.27;1.23;1.77;2;1.33;1.77;1.33;1.07;1.445;0.251532147155451
1.42;1.08;1.75;2.25;1.17;1.55;1.17;1.3;1.27;1.55;1.87;1.27;1.92;1.6;2.43;1.62;1.32;1.52;1.3;1.9;1.08;1.563;0.365082542937751
1;1.1;1;1;1;1;1;1.1;1;1;1;1;1;1;1.1;1;1;1;1;1;1;1.015;0.0366347548532524
1.93;1.33;1.3;1.27;1.47;1.33;1.33;1.43;1.27;1.5;1.1;1.87;1.27;1.87;1.7;1.97;1.77;1.23;1.9;1.23;1.1;1.5035;0.28555163603472
1.45;1.07;1.77;1.4;1.18;2.17;1.6;1.18;1.1;1.28;1.88;2.03;1.4;1.88;1.88;2.2;1.67;1.53;2.25;2.17;1.07;1.6545;0.392045580056841
1.2;1.18;1.32;1.33;1.39;1.13;1.3;1.42;1.45;1.38;1.36;1.34;1.45;1.31;1.52;1.29;1.51;1.55;1.34;1.25;1.13;1.351;0.112619527146658
