"N_ILS_LS_PART_2OPT_1";"N_ILS_LS_PART_2OPT_2";"N_ILS_LS_PART_2OPT_3";"N_ILS_LS_PART_2OPT_4";"N_ILS_LS_PART_2OPT_5";"N_ILS_LS_PART_2OPT_6";"N_ILS_LS_PART_2OPT_7";"N_ILS_LS_PART_2OPT_8";"N_ILS_LS_PART_2OPT_9";"N_ILS_LS_PART_2OPT_10";"N_ILS_LS_PART_2OPT_11";"N_ILS_LS_PART_2OPT_12";"N_ILS_LS_PART_2OPT_13";"N_ILS_LS_PART_2OPT_14";"N_ILS_LS_PART_2OPT_15";"N_ILS_LS_PART_2OPT_16";"N_ILS_LS_PART_2OPT_17";"N_ILS_LS_PART_2OPT_18";"N_ILS_LS_PART_2OPT_19";"N_ILS_LS_PART_2OPT_20";"min";"mean";"sd"
3;2.3;5.9;2.7;4.9;5.1;2.3;2.6;2.1;5.6;5.2;4.7;3.6;7.3;3.4;2.1;5.2;4.5;3.4;5.3;2.1;4.06;1.50171831404456
2.57;2.53;2.33;1.83;4.63;2.13;2.53;2.83;2.57;1.8;3.1;2.1;3.2;3.5;2.03;2.73;2.6;2.43;2.73;4.3;1.8;2.7235;0.738228854831117
4.4;5.6;10.5;6.7;7.9;13;2.8;8.5;4.8;5.1;4.5;2.8;5.9;6.7;6.1;14;9;5.9;4.4;6.6;2.8;6.76;3.01040301550963
4.6;4.03;4.93;4.57;4.87;6.03;3.07;5.27;5.83;9.1;7.8;9.1;11.17;7.9;6.1;10.87;9.03;8.1;9.27;8.2;3.07;6.992;2.35554798630583
5.35;3.25;4.25;2.95;5.85;5.65;4.47;3.43;4.13;6.05;3.95;6.38;4.43;5.2;5.85;5.77;6.2;4.98;7.45;7.23;2.95;5.141;1.265027147618
11.1;6;9;11.9;8.4;4.5;6.1;3.5;3.8;4.7;8.8;2.9;15.5;8.8;6.6;8.3;5.3;11.3;9.1;17.2;2.9;8.14;3.86514791709873
4.5;9.07;9.8;6.37;6.5;5.27;8.23;3.37;3.37;4.57;6.17;7.13;5.53;7.17;8.93;7;7;11.73;5.57;6.43;3.37;6.6855;2.11723870568297
4.95;9.63;5.73;8.65;7.08;8.28;6.18;10.33;4.23;9.17;9.53;8.25;6.72;8.55;6.83;9.97;8.15;10.77;8.27;8.73;4.23;8;1.78705874200274
3.35;5.07;3.65;4.55;3.48;4.69;4.49;4.24;3.49;3.22;5.02;6.08;6.47;4.59;5.78;6.48;5.15;4.64;5.58;4.55;3.22;4.7285;0.998853421626385
