"N_ILS_LS_PART_2OPT_1";"N_ILS_LS_PART_2OPT_2";"N_ILS_LS_PART_2OPT_3";"N_ILS_LS_PART_2OPT_4";"N_ILS_LS_PART_2OPT_5";"N_ILS_LS_PART_2OPT_6";"N_ILS_LS_PART_2OPT_7";"N_ILS_LS_PART_2OPT_8";"N_ILS_LS_PART_2OPT_9";"N_ILS_LS_PART_2OPT_10";"N_ILS_LS_PART_2OPT_11";"N_ILS_LS_PART_2OPT_12";"N_ILS_LS_PART_2OPT_13";"N_ILS_LS_PART_2OPT_14";"N_ILS_LS_PART_2OPT_15";"N_ILS_LS_PART_2OPT_16";"N_ILS_LS_PART_2OPT_17";"N_ILS_LS_PART_2OPT_18";"N_ILS_LS_PART_2OPT_19";"N_ILS_LS_PART_2OPT_20";"min";"mean";"sd"
0.01;0.01;0.02;0.01;0.01;0.02;0.01;0.01;0.01;0.02;0.02;0.02;0.01;0.03;0.01;0.01;0.02;0.02;0.01;0.02;0.01;0.015;0.00606976978666884
0.02;0.02;0.02;0.01;0.03;0.02;0.02;0.02;0.02;0.01;0.03;0.02;0.03;0.03;0.02;0.02;0.03;0.02;0.02;0.04;0.01;0.0225;0.00716350399411379
0.02;0.02;0.03;0.02;0.03;0.04;0.01;0.03;0.02;0.02;0.02;0.01;0.03;0.03;0.03;0.05;0.04;0.03;0.02;0.03;0.01;0.0265;0.00988086934168084
0.05;0.04;0.05;0.05;0.05;0.06;0.03;0.05;0.06;0.09;0.11;0.12;0.16;0.1;0.08;0.15;0.12;0.11;0.13;0.11;0.03;0.086;0.0389871773792359
0.06;0.04;0.05;0.04;0.06;0.06;0.05;0.04;0.05;0.07;0.06;0.1;0.08;0.09;0.09;0.09;0.1;0.08;0.12;0.12;0.04;0.0725;0.025520889276702
0.04;0.02;0.03;0.04;0.03;0.02;0.02;0.01;0.02;0.02;0.04;0.01;0.06;0.04;0.03;0.04;0.02;0.05;0.04;0.06;0.01;0.032;0.0147255595908325
0.06;0.11;0.12;0.08;0.08;0.07;0.1;0.05;0.05;0.06;0.11;0.12;0.09;0.12;0.15;0.11;0.11;0.18;0.09;0.1;0.05;0.098;0.03286335345031
0.09;0.18;0.11;0.15;0.13;0.15;0.12;0.18;0.09;0.15;0.26;0.21;0.18;0.22;0.18;0.26;0.21;0.26;0.22;0.24;0.09;0.1795;0.0551051626199254
0.06;0.08;0.06;0.08;0.06;0.07;0.08;0.07;0.06;0.05;0.11;0.14;0.15;0.1;0.13;0.14;0.12;0.1;0.12;0.11;0.05;0.0945;0.03153527682153
